kernel_size,stride,dense_units,g,blades_idxs,sandwich,avg_train_accuracy,std_train_accuracy,avg_test_accuracy,std_test_accuracy,avg_test_accuracy_post,avg_precision_post,avg_recall_post,avg_f1_post
5,2,"[32, 64, 128, 256, 128, 64]","[-1, -1, -1]","[0, 1, 2, 3]",False,0.9599544937428897,0.008552457407524524,0.7877998194029008,0.008552457407524524,0.7877998194029008,0.8015954057262786,0.7877998194029008,0.7859280758106006
