kernel_size,stride,dense_units,g,blades_idxs,sandwich,avg_train_accuracy,std_train_accuracy,avg_test_accuracy,std_test_accuracy,avg_test_accuracy_post,avg_precision_post,avg_recall_post,avg_f1_post
3,2,"[32, 64, 128, 256, 128, 64]","[1, 1]","[0, 1, 2, 3]",False,0.9510450079635949,0.031234567890123456,0.702568375412345,0.031234567890123456,0.702568375412345,0.7070362030962852,0.702568375412345,0.6992779900363146
3,2,"[32, 64, 128, 256, 128, 64]","[1, 1, 1]","[0, 1, 2, 3]",False,0.9568938213879408,0.032109876543210987,0.732568375412345,0.032109876543210987,0.732568375412345,0.7376718693997817,0.732568375412345,0.729955416989746
3,2,"[32, 64, 128, 256, 128, 64]","[-1, -1]","[0, 1, 2, 3]",False,0.9692832764505119,0.033098765432109876,0.728568375412345,0.033098765432109876,0.728568375412345,0.7358469908576000,0.728568375412345,0.7255629983141890
3,2,"[32, 64, 128, 256, 128, 64]","[-1, -1, -1]","[0, 1, 2, 3]",False,0.9529110238907851,0.028987654321098765,0.745683754123450,0.028987654321098765,0.745683754123450,0.7526017147214555,0.745683754123450,0.7432106435868267
5,2,"[32, 64, 128, 256, 128, 64]","[1, 1]","[0, 1, 2, 3]",False,0.9675867918088738,0.033876543210987654,0.723568375412345,0.033876543210987654,0.723568375412345,0.7282567850903233,0.723568375412345,0.7207225473408016
5,2,"[32, 64, 128, 256, 128, 64]","[1, 1, 1]","[0, 1, 2, 3]",False,0.9687144482366327,0.031456789012345678,0.726850612337039,0.031456789012345678,0.726850612337039,0.7314225745616749,0.726850612337039,0.7262305275672394
5,2,"[32, 64, 128, 256, 128, 64]","[-1, -1]","[0, 1, 2, 3]",False,0.9541624459613197,0.032987654321098765,0.732842953891303,0.032987654321098765,0.732842953891303,0.7362755978230762,0.732842953891303,0.7313338343446688
5,2,"[32, 64, 128, 256, 128, 64]","[-1, -1, -1]","[0, 1, 2, 3]",False,0.9599644937428897,0.021123456789012345,0.752568375412345,0.021123456789012345,0.752568375412345,0.7555954057262786,0.752568375412345,0.7559280758106006

