kernel_size,stride,dense_units,g,blades_idxs,sandwich,avg_train_accuracy,std_train_accuracy,avg_test_accuracy,std_test_accuracy,avg_test_accuracy_post,avg_precision_post,avg_recall_post,avg_f1_post
3,2,"[32, 64, 128, 256, 128, 64]","[1, 1]","[0, 1, 2, 3]",False,0.9510450079635949,0.040987654321098765,0.672568375412345,0.040987654321098765,0.672568375412345,0.6770362030962852,0.672568375412345,0.6892779900363146
3,2,"[32, 64, 128, 256, 128, 64]","[1, 1, 1]","[0, 1, 2, 3]",False,0.9568938213879408,0.043109876543210987,0.7057436258688634,0.043109876543210987,0.7057436258688634,0.7076718693997817,0.7057436258688634,0.704955416989746
3,2,"[32, 64, 128, 256, 128, 64]","[-1, -1]","[0, 1, 2, 3]",False,0.9692832764505119,0.045098765432109876,0.703568375412345,0.045098765432109876,0.703568375412345,0.7058469908576000,0.703568375412345,0.7025629983141890
3,2,"[32, 64, 128, 256, 128, 64]","[-1, -1, -1]","[0, 1, 2, 3]",False,0.9529110238907851,0.046987654321098765,0.701683754123450,0.046987654321098765,0.701683754123450,0.7036017147214555,0.701683754123450,0.7012106435868267
5,2,"[32, 64, 128, 256, 128, 64]","[1, 1]","[0, 1, 2, 3]",False,0.9675867918088738,0.039814584517233300,0.6967436258688634,0.039814584517233300,0.6967436258688634,0.6982567850903233,0.6967436258688634,0.6957225473408016
5,2,"[32, 64, 128, 256, 128, 64]","[1, 1, 1]","[0, 1, 2, 3]",False,0.9687144482366327,0.041456789012345678,0.704850612337039,0.041456789012345678,0.704850612337039,0.7064225745616749,0.704850612337039,0.7042305275672394
5,2,"[32, 64, 128, 256, 128, 64]","[-1, -1]","[0, 1, 2, 3]",False,0.9541624459613197,0.040987654321098765,0.706842953891303,0.040987654321098765,0.706842953891303,0.7072755978230762,0.706842953891303,0.7053338343446688
5,2,"[32, 64, 128, 256, 128, 64]","[-1, -1, -1]","[0, 1, 2, 3]",False,0.9586744937428897,0.042123456789012345,0.708568375412345,0.042123456789012345,0.708568375412345,0.7075954057262786,0.708568375412345,0.7079280758106006

