kernel_size,stride,dense_units,g,blades_idxs,sandwich,avg_train_accuracy,std_train_accuracy,avg_test_accuracy,std_test_accuracy,avg_test_accuracy_post,avg_precision_post,avg_recall_post,avg_f1_post
15,1,"[32, 64, 128, 256, 128, 64]","[1, 1, 1]","[0, 1, 2, 3]",False,0.811575107247446,0.020104684078972777,0.4852617214570058,0.020104684078972777,0.4852617214570058,0.5003053891595863,0.4852617214570058,0.4871698187647689
